{"title":"UDC","id":"17","meta":{"name":"UDC","menu":"app-menu","tab_menu":"bottom-menu","appZip":"https:\/\/myapppresser.com\/brianhosokawa\/wp-content\/uploads\/sites\/646\/2017\/03\/udc-1.7.zip","app_update_version":14,"design":{"toolbar_background":"#b8312d","toolbar_color":"","text_color":"","body_bg":"","left_menu_bg":"","left_menu_text":"","left_menu_icons":"","button_text":"","button_background":"","link_color":"#b8312d","headings_color":"","status_bar_bkg":"","custom_css":".entry-content {padding:0;} .button-md {background-color:#b8312d !important;} h1, h2, h3, h4 {font-family:'Oswald', sans-serif;} h1 {color:#b7312c;} h2 {color:#b7312c;} body {font-size:14px;line-height:1.5;color:#000;} a.white {color:#fff !important;} a {color:#b7312c;} .home nav.main-color-2-bg {background:transparent !important;} #top-nav nav.main-color-1-bg {background-color:#000 !important;} .rs-fullvideo-cover {background-color:rgba(0,0,0,.5) !important;} .home #slider {margin-top:-110px;z-index:0;overflow:visible;height:auto;} #slider .tp-caption h2{font-size:36px;background:#b7312c;background-width:100%;text-align:left;color:#fff;position:absolute;bottom:20px;right:0;z-index:1000;padding:.5em 2em .5em 1em;} .dropdown-menu li:focus>.sub-menu{visibility:visible} header .dropdown:focus>.dropdown-menu{display:block;opacity:1;z-index:1000;-webkit-transform:scale(1, 1);transform:scale(1, 1);transition:transform 0.3s ease, opacity 0.2s ease .1s;-webkit-transition:-webkit-transform 0.3s ease, opacity 0.2s ease .1s} .dropdown:focus>.dropdown-menu,.dropdown>a:focus+.dropdown-menu,.dropdown>.dropdown-menu-focus{display:block;opacity:1;z-index:1000;-webkit-transform:scale(1, 1);transform:scale(1, 1);transition:transform 0.3s ease, opacity 0.2s ease .1s;-webkit-transition:-webkit-transform 0.3s ease, opacity 0.2s ease .1s} .dropdown:focus>.sub-menu{visibility:visible;} #body-wrap header {z-index:-1;} #body-wrap header #main-nav{z-index:1;} .home-feature-half a{color:#fff;} .home-feature-half a:hover{color:#fff;} .home #main-nav .navbar {z-index:100;} div.sub-menu {background:#b7312c;border-top:5px solid #fff;border-bottom:5px solid #fff;} div.sub-menu ul.menu {padding:0;list-style:none;display:inline;color:#fff;font-family:'Oswald';font-weight:400;font-size:18px;} div.sub-menu ul.menu li {display:inline;margin-right:40px;} div.sub-menu ul.menu li a{color:#fff;} div.sub-menu ul.menu .dropdown:hover .dropdown-menu {display:block;} div.sub-menu ul.menu li ul {background:rgb(162, 164, 163);left:-100px;padding:0;margin:0;border:none;} div.sub-menu ul.menu li ul li {margin:0;} div.sub-menu ul.menu li ul li a{padding:6px 10px;font-size:16px;} div.sub-menu ul.menu li ul li a:hover {background:rgb(141, 141, 141);} .content-pad-3x {padding-top:0;padding-bottom:0;} .widget {padding-bottom:0;} .wpb_button, .wpb_content_element, ul.wpb_thumbnails-fluid>li {margin-bottom:0;} .home-featured-slider h2{font-family:'Oswald', sans-serif;font-weight:700;font-size:2em;color:#fff;} .u_full_row .vc_column_container>.vc_column-inner {padding-right:15px;padding-left:15px;} .home-feature-half .vc_column_container>.vc_column-inner {padding-right:0;padding-left:0;} .home-feature-half h3{font-family:'Oswald',sans-serif;font-weight:700;font-size:36px;color:#fff;} .home-feature-half p {font-size:.8em;} nav {padding:0;} footer {border-top:8px solid #efbd47;margin-top:30px;} #main-nav .navbar-nav>li>a {text-transform:uppercase;padding-top:20px;padding-bottom:20px;padding-right:15px;font-family:'Oswald',sans-serif;font-size:18px;height:auto;} #main-nav .navbar-nav>li>a:before {top:10px;bottom:10px;} #main-nav .main-menu.affix.sticky-light {background:#b7312c !important;} #top-nav {height:70px;} .top-menu {height:48px;} .main-menu>a>.fa-search {display:none;} .rev-btn {font-family:'Oswald', sans-serif !important;font-size:1.7em !important;padding:15px 30px !important;} .navbar-inverse {background-color:#fff !important;} .navbar-inverse .navbar-nav>li>a {color:#b7312c !important;} .home #main-nav .navbar-nav>li>a {color:#fff !important;} #main-nav .main-menu .navbar-right {padding-top:20px;} #main-nav .main-menu.affix.sticky-light .navbar-right {padding-top:0;} #main-nav .main-menu.affix.sticky-light .navbar-nav>li>a {color:#fff !important;} #main-nav .main-menu.affix.sticky-light .navbar-nav>li>a:hover {color:#fff !important;} #main-nav .main-menu.affix.sticky-light .navbar-nav>.current-menu-item>a {color:#fff !important;} #main-nav .main-menu.affix .navbar-nav>li>a {padding:15px;} .home a.logo img {display:none;} .home #main-nav .main-menu.affix.sticky-light a.logo img {display:block;} .vc_btn3.vc_btn3-color-orange.vc_btn3-style-modern {background-color:#efbd47;border-color:#efbd47;background-image:none;font-family:'Oswald', sans-serif;text-transform:uppercase;} .page-template-permanent-sticky .page-heading {display:none;} .page-template-permanent-sticky #main-nav .navbar {min-height:0;} .page-template-permanent-sticky nav {padding:0;} .cas-colors h2{color:#47697b;text-transform:uppercase;padding-bottom:8px;border-bottom:3px solid #a2a4a3;} .cas-colors h1{color:#47697b;text-transform:uppercase;} .cas-colors h3{color:#47697b;text-transform:uppercase;} .cas-colors h2 span{color:#efbd47;} .home-feature-half.cas-colors h3{color:fff;} .single-space {line-height:1;} .single-space p{margin:0 0 2px;} .cas-color-gray .wpb_wrapper {background:#a2a4a3;padding:10px;} .cas-color-gray .main-color-1-hover:hover {color:#47697b;} #main-nav .navbar {min-height:80px;} .page-heading {display:none;} .large-header h2{font-size:40px;border-bottom:none;} .post-type-archive-u_event #sidebar {display:none;} .underline-header h2 {border-bottom:3px solid #a2a4a3;padding-bottom:5px;} .CDCalendar caption {font-family:'Oswald', sans-serif;text-transform:uppercase;} .CDDayRow:hover {background:transparent;} .CDDayHeadRow {background-color:#a2a4a3;} .CDDisplayAlways {width:350px !important;} .white-boxes {padding-bottom:20px;} .white-boxes .vc_column-inner .wpb_wrapper {padding-left:0;padding-right:0;background:#fff;-webkit-box-shadow: 0px 0px 3px 3px rgba(0,0,0,0.3); -moz-box-shadow: 0px 0px 3px 3px rgba(0,0,0,0.3); box-shadow: 0px 0px 3px 3px rgba(0,0,0,0.3);} .white-boxes .vc_column-inner .wpb_wrapper .wpb_content_element .wpb_wrapper {-webkit-box-shadow: 3px 3px 2px 0px rgba(0,0,0,0); -moz-box-shadow: 3px 3px 2px 0px rgba(0,0,0,0); box-shadow: 3px 3px 2px 0px rgba(0,0,0,00);} .white-boxes .wpb_text_column {padding:10px;} .cas-colors.white-boxes .wpb_text_column h3 a{color:#47697b;} .cas-colors.white-boxes .wpb_text_column p a{color:#333;} .red-bar-slim {background:#b7312c;padding:5px 0;} .red-bar {background:#b7312c;padding:40px 0;} .red-bar h2{color:#fff;font-size:36px;} .rev-btn a{color:#fff;} .rev-btn:hover a{color:#fff;} .rev-btn a:hover {color:#fff;} .causes-colors h2{color:#386a4e;text-transform:uppercase;padding-bottom:8px;border-bottom:3px solid #a2a4a3;} .causes-colors h2 span{color:#efbd47;} .causes-colors h1{color:#386a4e;text-transform:uppercase;} .causes-colors.white-boxes .wpb_text_column h3{color:#386a4e;} .tableHeader-processed a{color:#fff;} .tableHeader-processed a:hover {color:#fff;} .rtw_main {color:#fff;font-size:18px;} .rtw_main a{color:#fff;} .rtw_main a:hover{color:#fff;} #content .rotatingtweets, #content .norotatingtweets {border-top:0;border-bottom:0;margin-bottom:0;} .vc_icon_element {margin-bottom:0;padding-top:10px;} .EventSimpleList dt {font-family:'Oswald', sans-serif;text-transform:uppercase;} .single-post .content-image {display:none;} .single-post .single-content-title {display:none;} .grid-item-inner {padding-top:70%;} .overlay-top {background:transparent;color:#b7312c;} .overlay-top h4{color:#b7312c;} .owl-pagination {display:none;} .overlay-top:after {display:none;} .white-boxes .wpb_text_column h3{color:#b7312c;text-transform:uppercase;} .white-boxes a{color:#b7312c;} .page-template-permanent-sticky #top-nav {height:50px;} .page-template {} .search-results .item-excerpt {display:none;} .search-results .item-meta {display:none;} #CDMonthViewContainercdaily_monthview .CDFullDow {display:none;} .read-more-link {padding-top:8px;border-top:3px solid #a2a4a3;margin-top:10px;} .read-more-link a{color:#b7312c;font-family:'Oswald', sans-serif;font-size:16px;} .un-post-carousel .section-inner {padding-bottom:20px;} .cas-colors .read-more-link a{color:#47697b;} .single-post-meta {display:none;} .about-author {display:none;} .large-header h2{border-bottom:0;} .causes-colors .overlay-top h4 {color:#386a4e;} .event-overlay {background:#fff;} .sbpa-colors h2{color:#927a47;text-transform:uppercase;padding-bottom:8px;border-bottom:3px solid #a2a4a3;} .sbpa-colors h2 span{color:#efbd47;} .sbpa-colors h1{color:#927a47;text-transform:uppercase;} .sbpa-colors.white-boxes .wpb_text_column h3{color:#927a47;} .sbpa-colors .overlay-top h4 {color:#927a47;} .school-event-overlay, .school-grid-item .school-event-item {position: relative;} .school-event-overlay {color:#666;padding:10px 10px;} .school-event-overlay a {color:#666;} .school-event-overlay a:hover {color:#b7312c;} .school-carousel-wrap .grid-item-inner {padding-top:0;} .school-carousel-wrap .overlay-top {padding:15px 0;} .seas-colors h2{color:#79523e;text-transform:uppercase;padding-bottom:8px;border-bottom:3px solid #a2a4a3;} .seas-colors h2 span{color:#efbd47;} .seas-colors h1{color:#79523e;text-transform:uppercase;} .seas-colors.white-boxes .wpb_text_column h3{color:#79523e;} .seas-colors .overlay-top h4 {color:#79523e;} .seas-colors.large-header h2{border-bottom:0;} .cc-colors h2{color:#6B0300;text-transform:uppercase;padding-bottom:8px;border-bottom:3px solid #a2a4a3;} .cc-colors h2 span{color:#efbd47;} .cc-colors h1{color:#6B0300;text-transform:uppercase;} .cc-colors.white-boxes .wpb_text_column h3{color:#6B0300;} .cc-colors .overlay-top h4 {color:#6B0300;} .cc-colors.large-header h2{border-bottom:0;} .foundation-feature {height:470px;background:url(\"\/wp-content\/uploads\/2016\/09\/udc-foundation-bg.jpg\") no-repeat;background-size:100%;padding:0 15%;} .foundation-feature-interior {background:#fff;z-index:9999999;padding:30px;} .foundation-23-13 .tp-caption h2 {font-size:30px;background:#b7312c;background-width:100%;text-align:left;color:#fff;position:absolute;bottom:20px;right:-400px;z-index:1000;padding:.5em 2em .5em 1em;} .foundation-23-13 .vc_column_container>.vc_column-inner {padding-left:0 !important;padding-right:0 !important;} .red-box-events {background:#b7312c;color:#fff;padding:20px;} .red-box-events a {color:#fff !important;} .red-box-events h2{color:#fff;} .red-box-events #cdaily_simplelistwidget-2 dt {color:#efbd47;} .red-box-events #cdaily_simplelistwidget-2 dd {color:#fff;} .no-gap .vc_column_container>.vc_column-inner {padding-left:0;padding-right:0;} .sliders-3-col .tp-caption h2 {font-size:48px;background:#b7312c;background-width:100%;text-align:left;color:#fff;position:absolute;bottom:10px;left:0;z-index:1000;padding:.5em 4em .5em 2em;} .wpcf7-text {width:90%;} .wpcf7-textarea {width:90%;} .wpcf7-form-control-wrap {width:100%;} .wpcf7 label {width:90%;} .blog-item-meta {display:none;} .grid-item-inner {height:auto;} .ui-dialog-titlebar-close:before {line-height:0;position:absolute;left:-10px;color:#b7312c;} .EventTimeBanner {font-family:'Oswald', sans-serif;color:#b7312c;font-size:1.8em;} .CDDisplayAlways .EventTitle {font-family:'Oswald', sans-serif;font-size:1.5em;} .EventSimpleList dd {cursor:pointer;} .EventSimpleList dd:hover {color:#b7312c !important;} .CDDayRow .CDEventTitle {cursor:pointer;} .CDDayRow .CDEventTitle:hover {color:#efbd47;} .modal-header .close {color:#b7312c;top:-10px;right:-10px;} .red-box-events .EventSimpleList dd:hover {color:#efbd47 !important;} .wpb_text_column a{color:#b7312c;} .centered {text-align:center;} .vc_btn3-color-mulled-wine {background-color:#6B0300 !important;border-color:#6B0300 !important;} .vc_btn3-style-modern {font-family:'Oswald', sans-serif;} .wpb_widgetised_column .menu {list-style:none;padding:0;} .wpb_widgetised_column .menu li{background:#a2a4a3;padding:10px;margin:0 0 3px;} .wpb_widgetised_column .menu li:hover {background:#b7312c;} .wpb_widgetised_column .menu li a{color:#fff;} .presidents-blog .item-thumbnail {display:none;} .presidents-blog .col-md-6 {width:100% !important;} .home .post-scroller-wrap {padding:0;} .home .post-scroller-control {display:none;} .home .white-boxes .wpb_text_column {height:250px;} #ui-datepicker-div {width:auto;} .single-news .content-image {display:none;} .dark-div, .dark-div a {color:#fff;} #nav-search {z-index:99999;} .input-group-btn:focus {border:1px solid blue !important;z-index:99999 !important;} .input-group-btn:focus button{border:1px solid blue !important;z-index:99999 !important;} .input-group-btn button:focus{visibility:visible;border:1px solid blue !important;z-index:99999 !important;} .input-group span:focus{border:1px solid blue;z-index:99999;} .input-group i:focus{border:1px solid blue !important;z-index:99999;} .input-group button:focus{border:1px solid blue !important;} .input-group button:active{border:1px solid blue !important;} .input-group-btn button:active{border:1px solid blue !important;} #nav-search button:focus {border:1px solid blue !important;} .menu-login-button {display:none;} .widget_rss .rss-date, .widget_rss cite { color: #686868; display: block; font-family: Montserrat,\"Helvetica Neue\",sans-serif; font-size: 13px; font-size: 0.8125rem; font-style: normal; line-height: 1.615384615; margin-bottom: 0.538461538em;} .news-feed li {list-style:none;} @media (min-width: 1201px) { .container {width:98%;} } @media (max-width: 767px) { #sub-menu-container {display: none;} .hades.tparrows {width:50px;height:50px;} .tp-bullets {top:125% !important;} .vc_icon_element-align-right {text-align:center !important;} .rtw_main {text-align:center !important;} #upcoming-events-custom-column .vc_col-sm-3 {margin-bottom:0 !important;} #upcoming-events-custom-column .vc_col-sm-9 {margin-bottom:0 !important;} .home #slider {margin-top:-125px;} .views-field-name-1 {display:none;} .views-field-name {display:none;} .tp-video-play-button {display:none !important;} } @media (max-width: 735px) { .rev-btn {font-size:.8em !important;padding:5px 15px !important;} } @media (max-width: 500px) { .tp-bullets {top:150% !important;} .tp-caption {padding:0 15px;} } @media (max-width:480px) { .tp-bullets {top:130% !important;} } @media (min-width: 1365px) { .container {width:1350px;} }"},"light_status_bar":null,"menu_right":null,"rtl":null,"share":{"icon":{"hide":null}},"intro_slug":""},"ads":{"ios":{"banner":""},"android":{"banner":""}},"segments":"","languages":"","default_language":"en","assets":{"header_logo":""},"menus":{"items":[{"title":"Home","page_id":"124","page_type":null,"list_route":null,"list_display":null,"favorites":null,"show_slider":null,"slide_route":null,"slug":"home","type":"custom","url":"https:\/\/www.udc.edu\/mobile-app\/home\/","extra_classes":"","target":"","class":"home","parent_id":"0"},{"title":"myUDC","page_id":"139","page_type":null,"list_route":null,"list_display":null,"favorites":null,"show_slider":null,"slide_route":null,"slug":"myudc","type":"custom","url":"http:\/\/my.udc.edu\/","extra_classes":"external system","target":"_blank","class":"contact","parent_id":"0"},{"title":"News","page_id":"178","page_type":null,"list_route":null,"list_display":null,"favorites":null,"show_slider":null,"slide_route":null,"slug":"news-2","type":"custom","url":"https:\/\/www.udc.edu\/mobile-app\/news\/","extra_classes":"","target":"","class":"paper","parent_id":"0"},{"title":"Calendar","page_id":"127","page_type":null,"list_route":null,"list_display":null,"favorites":null,"show_slider":null,"slide_route":null,"slug":"calendar","type":"custom","url":"https:\/\/www.udc.edu\/mobile-app\/calendar\/","extra_classes":"","target":"","class":"calendar","parent_id":"0"},{"title":"Academic Calendar","page_id":"85","page_type":null,"list_route":null,"list_display":null,"favorites":null,"show_slider":null,"slide_route":null,"slug":"academic-calendar","type":"custom","url":"https:\/\/www.udc.edu\/mobile-app\/academic-calendar\/","extra_classes":"","target":"","class":"calendar","parent_id":"0"},{"title":"Athletics","page_id":"46","page_type":null,"list_route":null,"list_display":null,"favorites":null,"show_slider":null,"slide_route":null,"slug":"athletics-2","type":"custom","url":"http:\/\/udcfirebirds.com\/","extra_classes":"","target":"","class":"basketball","parent_id":"0"},{"title":"Career Services","page_id":"190","page_type":null,"list_route":null,"list_display":null,"favorites":null,"show_slider":null,"slide_route":null,"slug":"career-services","type":"custom","url":"https:\/\/www.udc.edu\/mobile-app\/career-services\/","extra_classes":"","target":"","class":"briefcase","parent_id":"0"},{"title":"LiveSafe","page_id":"192","page_type":null,"list_route":null,"list_display":null,"favorites":null,"show_slider":null,"slide_route":null,"slug":"livesafe","type":"custom","url":"https:\/\/www.udc.edu\/mobile-app\/livesafe\/","extra_classes":"","target":"","class":"lock","parent_id":"0"},{"title":"Bookstore","page_id":"69","page_type":null,"list_route":null,"list_display":null,"favorites":null,"show_slider":null,"slide_route":null,"slug":"bookstore","type":"custom","url":"http:\/\/m.bkstr.com\/districtofcolumbiastore\/home","extra_classes":"","target":"","class":"book","parent_id":"0"},{"title":"Library","page_id":"93","page_type":null,"list_route":null,"list_display":null,"favorites":null,"show_slider":null,"slide_route":null,"slug":"library","type":"custom","url":"https:\/\/www.udc.edu\/mobile-app\/library\/","extra_classes":"","target":"","class":"book","parent_id":"0"},{"title":"Jobs","page_id":"128","page_type":null,"list_route":null,"list_display":null,"favorites":null,"show_slider":null,"slide_route":null,"slug":"jobs","type":"custom","url":"http:\/\/udc.applicantstack.com\/x\/openings","extra_classes":"","target":"","class":"briefcase","parent_id":"0"}],"name":"App Menu"},"tab_menu":{"items":[{"title":"Home","page_id":"159","page_type":null,"list_route":null,"list_display":null,"favorites":null,"show_slider":null,"slide_route":null,"slug":"home-2","type":"custom","url":"https:\/\/www.udc.edu\/mobile-app\/home\/","extra_classes":"","target":"","class":"home","parent_id":"0"},{"title":"News","page_id":"167","page_type":null,"list_route":null,"list_display":null,"favorites":null,"show_slider":null,"slide_route":null,"slug":"news","type":"custom","url":"https:\/\/www.udc.edu\/mobile-app\/news\/","extra_classes":"","target":"","class":"paper","parent_id":"0"},{"title":"Events","page_id":"171","page_type":null,"list_route":null,"list_display":null,"favorites":null,"show_slider":null,"slide_route":null,"slug":"events","type":"custom","url":"https:\/\/www.udc.edu\/mobile-app\/calendar\/","extra_classes":"","target":"","class":"calendar","parent_id":"0"},{"title":"Athletics","page_id":"186","page_type":null,"list_route":null,"list_display":null,"favorites":null,"show_slider":null,"slide_route":null,"slug":"athletics","type":"custom","url":"http:\/\/udcfirebirds.com\/","extra_classes":"","target":"","class":"basketball","parent_id":"0"}],"name":"Bottom Menu"},"side_menu_login":"on","side_menu_force_login":"","wordpress_url":"https:\/\/www.udc.edu\/mobile-app\/","show_registration_link":"","registration_url":"","wp_site_addr":""}